site,cam_number,cam_moved,sampling_period_length,canopy_cov,biotic_com_2,veg_cover_cam,veg_cover_cam_under_1m,veg_cover,veg_cover_diff,obs_dist,detection_angle,max_trig_dist,vertical_cover,tree_density_5_70,shrub_yucca_density,herbaceous_cov,pred_count_avg,coy_count_avg,bobcat_count_avg,livestock_count_avg,cow_count_avg,sheep_count_avg,lagomorph_count_avg,rodent_count_avg,cottontail_count_avg,jackrabbit_count_avg,prey_count_avg,elevation,slope,topo_pos,heat_load,aspect,dist_water_tank,water_tank_density_0_9km,water_tank_density_1_3km,water_tank_density_1_5_km,water_tank_density_1_6_km,water_tank_density_1_9_km,water_tank_density_2_4_km,water_tank_density_3_7_km,small_rd_dist,turbine_rd_dist,turbine_rd_density_0_1km,turbine_rd_density_0_9km,turbine_rd_density_1_3km,turbine_rd_density_1_5km,turbine_rd_density_1_6km,turbine_rd_density_1_9km,turbine_rd_density_2_4km,turbine_rd_density_3_7km,turbine_density_0_9km,turbine_density_1_3km,turbine_density_1_5km,turbine_density_1_6km,turbine_density_1_9km,turbine_density_2_4km,turbine_density_3_7km,turbine_dist,50cm_turbine_vis,150cm_turbine_vis,turbine_interior,woodland_percent_0_1km,woodland_percent_0_9km,woodland_percent_1_3km,woodland_percent_1_5km,woodland_percent_1_6km,woodland_percent_1_9km,woodland_percent_2_4km,woodland_percent_3_7km,NDVI_0_1km,NDVI_0_9km,NDVI_1_3km,NDVI_1_5km,NDVI_1_6km,NDVI_1_9km,NDVI_2_4km,NDVI_3_7km
19,33,yes,32,0,1,0.175,0.3,0.1375,-0.225,99.66666667,47,30,7,0,138.8888889,0.138888889,0.25,0.25,0,250.28125,250.28125,0,2,0,0.5625,1.40625,2,1795.4624,0.74303371,-2.439819336,1.010451567,0.369922031,1270.03725,0,0.188323917,0.282885431,0.248756219,0.264550265,0.165745856,0.186003255,1227.347913,7463.77314,0,0,0,0,0,0,0,0,0,0,0,0,0,0,0,7479.401919,0,0,0,0,0,0,0.01,0.01,0.01,0,0,0.106,0.103,0.103,0.104,0.104,0.104,0.104,0.106
37,9,no,43,0,1,0.125,0.25,0.1125,-0.225,27.66666667,46,10,7.5,0,6.944444444,0.09375,0.534883721,0.534883721,0,0,0,0,1.162790698,0,0,1.162790698,1.162790698,1843.796,1.1176038,-2.337036133,0.999408897,0.949874911,1585.882838,0,0,0,0.124378109,0.176366843,0.165745856,0.348756103,433.8132336,39.4038329,5.924814567,0.49049325,0.897735728,0.87349418,0.813233719,0.667015821,0.525181992,0.593632414,0.787401575,0.941619586,1.131541726,1.119402985,0.881834215,0.607734807,0.651011393,163.2480875,49,60,1,0,0,0,0,0,0,0,2.92,0.095,0.096,0.096,0.096,0.096,0.096,0.096,0.1
38,29,yes,31,0,1,0.15,0.3,0.1125,-0.225,237,44,20,5.5,41.66666667,6.944444444,0.232638889,0,0,0,2.451612903,2.451612903,0,0.612903226,0,0.129032258,0.483870968,0.612903226,1856.2288,1.9030596,4.260742188,1.00665244,0.121759346,296.397717,0.393700787,0.376647834,0.282885431,0.248756219,0.264550265,0.220994475,0.139502441,45.38646663,1070.971448,0,0,0.231181509,0.212441459,0.200368324,0.193634669,0.19479017,0.349508917,0,0.188323917,0.424328147,0.373134328,0.264550265,0.220994475,0.465008138,1082.160193,84,91,0,0,0,0,0,0,0,0,0,0.101,0.101,0.1,0.1,0.1,0.1,0.099,0.099
39,27,no,36,0,1,0.075,0.15,0.0375,-0.075,159,58,15,3.625,0,0,0.166666667,0,0,0,0,0,0,0.361111111,0,0,0.361111111,0.361111111,1851.7529,1.3069903,0.335205078,1.000948447,0.133328855,886.7295243,0.393700787,0.188323917,0.282885431,0.248756219,0.264550265,0.165745856,0.209253662,583.4080371,792.2350723,0,0.060576302,0.16589448,0.276514958,0.292729477,0.48188253,0.422055578,0.306773105,0.393700787,0.188323917,0.565770863,0.621890547,0.617283951,0.44198895,0.395256917,801.2849239,119,122,1,0,0,0,0,0,0,0,0.01,0.1,0.098,0.099,0.099,0.099,0.099,0.099,0.098
40,50,no,33,0,1,0.075,0.15,0.05,-0.1,220.3333333,36,15,3.625,0,0,0.295138889,0.090909091,0.090909091,0,1.787878788,1.787878788,0,0,0,0,0,0,1834.4425,1.6218091,-0.946777344,0.995759047,0.84749497,1761.993242,0,0,0,0,0.176366843,0.165745856,0.255754476,181.2613073,240.3446275,0,1.228849047,0.821616622,0.677027696,0.623870029,0.578342884,0.463290859,0.300119596,1.57480315,1.31826742,0.99009901,0.870646766,0.881834215,0.607734807,0.418507324,760.5481787,32,55,1,0,0,0,0,0,0.01,0.03,0.01,0.095,0.097,0.097,0.097,0.097,0.097,0.097,0.097
41,12,no,33,0,1,0.075,0.15,0.0375,-0.075,500,42,20,4,0,0,0.310763889,0,0,0,0,0,0,2.878787879,0,0,2.878787879,2.878787879,1785.6073,1.1138858,0.754760742,1.007830278,0.899646601,753.3252615,0.393700787,0.188323917,0.141442716,0.124378109,0.264550265,0.44198895,0.232504069,245.8708056,5144.905345,0,0,0,0,0,0,0,0,0,0,0,0,0,0,0,5069.181077,7.3,9.6,0,0,0,0,0,0,0,0,0,0.102,0.107,0.106,0.105,0.105,0.104,0.103,0.103
43,11,no,44,0.572,1,0.3,0.35,0.1875,-0.125,30.66666667,41,20,3,6.944444444,194.4444444,0.199652778,0.090909091,0.090909091,0,0,0,0,3.613636364,0.477272727,0.25,3.363636364,4.090909091,1815.7512,0.99693471,2.518798828,0.995767042,0.965794604,391.1509503,0.393700787,0.188323917,0.141442716,0.124378109,0.264550265,0.165745856,0.116252034,70.1694969,2557.553326,0,0,0,0,0,0,0,0.05119001,0,0,0,0,0,0,0.069751221,2531.910697,24,41,0,0,0,0,0,0.01,0.01,0.03,3.17,0.105,0.102,0.103,0.103,0.103,0.104,0.106,0.107
44,5,no,36,5.616,1,0.25,0.25,0.3625,-0.025,36.33333333,44,10,2.75,222.2222222,69.44444444,0.340277778,0.555555556,0.555555556,0,0,0,0,0,0,0,0,0,1964.4491,2.4446189,-5.550048828,0.981145422,0.621331174,3701.356511,0,0,0.141442716,0.124378109,0.088183422,0.055248619,0.139502441,165.2849836,368.6428157,0,1.384398834,1.084421998,1.125281675,1.077214405,1.075944703,1.021175829,0.771133356,0,0,0,0,0.088183422,0.165745856,0.162752848,1865.007543,6.3,27,0,0,28.51,32.06,31.94,31.35,31.18,28.57,28.71,0.121,0.121,0.121,0.121,0.121,0.12,0.12,0.12
45,4,no,36,24.18,2,0.15,0,0.5375,0.075,24.66666667,41,10,4.25,277.7777778,48.61111111,0.220486111,0.444444444,0.444444444,0,14.91666667,14.91666667,0,0.416666667,0,0,0.416666667,0.416666667,1939.5708,3.2932792,2.786010742,0.974975933,0.847958915,3008.070239,0.393700787,0.376647834,0.282885431,0.248756219,0.264550265,0.220994475,0.209253662,27.45222095,177.8114682,0,0.341604619,0.566154313,0.53224929,0.512044746,0.448683197,0.492570962,0.681990089,0,0.188323917,0.141442716,0.248756219,0.176366843,0.165745856,0.116252034,1203.664618,0,0,0,58.82,18.3,17.06,17.92,17.84,20.17,26.16,25.12,0.126,0.118,0.118,0.119,0.119,0.12,0.12,0.118
49,15,no,30,5.2,1,0.775,0.75,0.55,-0.15,19.66666667,46,20,10.375,277.7777778,0,0.079861111,0.633333333,0.633333333,0,0.6,0.6,0,0.466666667,0,0,0.466666667,0.466666667,1948.9417,0.58562684,-0.59777832,1.000445279,0.598901466,6160.171163,0,0.188323917,0.141442716,0.124378109,0.088183422,0.055248619,0.046500814,552.1361939,286.8498377,0,1.435168776,0.918718485,0.782497461,0.728132372,0.599819023,0.507876291,0.30177972,0,0,0,0,0,0,0,5274.408586,0,1.3,0,0,27.79,28.92,29.85,30.01,28.58,24.54,23.78,0.115,0.115,0.115,0.115,0.115,0.116,0.116,0.117
59,30,no,44,2.496,1,0.575,0.75,0.25,-0.25,12.33333333,52,15,17.25,34.72222222,104.1666667,0.291666667,1.954545455,1.954545455,0,37,37,0,0.204545455,0,0,0.204545455,0.204545455,1941.3218,1.2620368,-2.465576172,0.995688935,0.164774611,625.9050108,0.393700787,0.188323917,0.141442716,0.124378109,0.088183422,0.055248619,0.069751221,469.5556058,2088.265365,0,0,0,0,0,0,0.086628512,0.143358849,0,0,0,0,0,0.165745856,0.302255289,2121.779049,43,103,0,0,7.61,12.51,13.44,14.29,17.24,16.09,16.03,0.103,0.114,0.116,0.117,0.118,0.12,0.12,0.119
60,60,no,36,6.968,1,0.35,0.55,0.575,-0.25,16.66666667,39,15,22.125,277.7777778,125,0.229166667,0.5,0.5,0,4.583333333,4.583333333,0,0.083333333,0,0.027777778,0.055555556,0.083333333,1928.2732,1.0805991,-0.772216797,1.009828926,0.019848709,1439.397285,0,0,0.141442716,0.124378109,0.088183422,0.055248619,0.069751221,480.4049321,1208.337401,0,0,0.024909178,0.055946503,0.063689462,0.072848628,0.077187304,0.367916002,0,0.188323917,0.141442716,0.248756219,0.176366843,0.220994475,0.488258545,1209.190824,6,25,1,0,2.66,1.51,1.4,1.37,2.64,9.74,21.25,0.123,0.119,0.118,0.118,0.118,0.118,0.12,0.123
61,28,no,47,40.248,2,0.175,0.15,0.7125,0.225,23.33333333,39,25,9.125,166.6666667,1458.333333,0.177083333,0.212765957,0.212765957,0,0,0,0,0,0,0,0,0,1987.9132,3.3101022,-5.872314453,0.991659223,0.342690545,1910.095399,0,0.376647834,0.282885431,0.248756219,0.176366843,0.165745856,0.069751221,298.1348661,685.6578895,0,0.270615124,0.589843664,0.571320383,0.533511322,0.400759755,0.251083736,0.145180633,0.787401575,0.753295669,0.707213579,0.621890547,0.705467372,0.607734807,0.418507324,677.7489854,4,10.6,1,42.86,29.97,22.69,22.95,23.04,21.77,19.9,15.81,0.117,0.12,0.118,0.118,0.118,0.117,0.116,0.116
62,21,no,36,37.648,2,0.975,0.95,0.6875,0.075,9.666666667,42,13,10.875,298.6111111,1902.777778,0.243055556,0,0,0,0,0,0,1.277777778,0,1.277777778,0,1.277777778,2097.3347,4.7478576,52.57116699,0.95510144,0.927878259,2398.947157,0,0,0,0,0,0.110497238,0.093001628,1065.799833,654.384365,0,0.214569229,0.319225694,0.283605197,0.310238736,0.374773244,0.322344149,0.2556406,0,0,0.141442716,0.248756219,0.352733686,0.331491713,0.395256917,1477.219828,0,0,1,94.29,55,49.5,47.61,46.27,42.1,37.39,28.75,0.141,0.134,0.132,0.132,0.131,0.13,0.128,0.123
63,17,no,44,43.108,2,0.75,0.6,0.6375,0.125,7.666666667,50,15,11.25,479.1666667,229.1666667,0.020833333,0,0,0,0,0,0,0.477272727,0,0.136363636,0.477272727,0.477272727,1976.938,2.5757504,-19.62353516,1.011132233,0.241793377,2001.27626,0,0,0,0,0,0.055248619,0.046500814,324.6216691,164.8504605,0,0.691146075,0.686301055,0.552704182,0.50095651,0.385594407,0.293380608,0.291863571,0,0.188323917,0.282885431,0.248756219,0.176366843,0.220994475,0.348756103,927.7121056,0,0.3,0,100,71.68,66.61,65.34,64.1,60.36,53.97,37.12,0.142,0.14,0.139,0.138,0.138,0.137,0.135,0.129
64,15,yes,40,0,1,0.175,0.35,0.2875,-0.075,26.66666667,38,15,13.75,76.38888889,166.6666667,0.243055556,0,0,0,18.9,18.9,0,0.875,0.075,0.725,0.15,0.95,1924.4366,0.77515602,-1.273681641,0.99812628,0.990646988,3367.178267,0,0,0,0,0,0,0.023250407,356.1322194,803.5224361,0,0.038312134,0.473741176,0.513039291,0.541293386,0.56751195,0.487893596,0.410517396,0.393700787,0.941619586,0.848656294,0.746268657,0.793650794,0.607734807,0.488258545,800.3815325,12.6,25.6,1,0,1.77,2.78,6.24,8.15,12.6,14.99,25.16,0.123,0.123,0.122,0.123,0.123,0.124,0.124,0.125
65,47,no,41,29.328,2,0.925,0.85,0.9,-0.05,9.666666667,40,8,7.875,1034.722222,208.3333333,0.076388889,0.146341463,0,0.146341463,0,0,0,0,0,0,0,0,1966.7118,12.043833,-15.62353516,0.916834215,0.980486186,1981.960252,0,0,0,0,0,0.110497238,0.093001628,1486.930179,1196.028776,0,0,0.092630404,0.193589679,0.220114567,0.322184386,0.411665165,0.437633736,0,0.376647834,0.282885431,0.248756219,0.440917108,0.44198895,0.279004883,1245.386887,3,10,0,8.57,72.33,71.97,68.5,66.51,62.19,57.02,40.98,0.127,0.139,0.139,0.138,0.138,0.137,0.136,0.13
66,48,no,41,7.8,1,0.575,0.65,0.6875,-0.275,13.33333333,38,10,5.25,236.1111111,270.8333333,0.149305556,0.585365854,0.365853659,0.219512195,13.73170732,13.73170732,0,0.414634146,0.024390244,0.195121951,0.219512195,0.43902439,1934.001,2.4027328,-7.288330078,1.003391617,0.732129849,180.7607809,0.393700787,0.188323917,0.141442716,0.124378109,0.088183422,0.165745856,0.139502441,211.1596656,2233.033818,0,0,0,0,0,0,0.010820802,0.339823922,0,0,0,0,0,0.110497238,0.279004883,2230.65807,0,0,0,34.29,59.77,62.75,61.24,61.39,61.83,55.2,41.86,0.141,0.139,0.137,0.136,0.135,0.135,0.133,0.129
67,70,no,39,21.372,2,0.175,0.3,0.4625,-0.225,29.33333333,38,15,14,159.7222222,62.5,0.223958333,0.948717949,0.948717949,0,61.69230769,61.69230769,0,1.384615385,0,0,1.384615385,1.384615385,1985.2378,3.5428014,-7.24609375,1.01744009,0.677401156,229.635197,0.393700787,0.188323917,0.141442716,0.124378109,0.088183422,0.165745856,0.069751221,201.0012496,1375.69289,0,0,0,0.029254905,0.041564055,0.131821525,0.120176621,0.176828166,0,0,0,0,0,0,0.232504069,2844.308626,2.6,16.6,0,42.86,64.65,64,62.54,61.28,58.56,52.76,36.46,0.139,0.137,0.135,0.135,0.135,0.134,0.132,0.127
69,14,no,31,33.28,2,0.825,0.8,0.7625,0.125,9,52,15,7.5,263.8888889,194.4444444,0.131944444,1.032258065,1.032258065,0,4.387096774,4.387096774,0,3.806451613,0,0.516129032,3.290322581,3.806451613,1928.9696,2.1663325,0.654785156,0.98702369,0.993832756,867.2865393,0.393700787,0.188323917,0.141442716,0.124378109,0.088183422,0.165745856,0.116252034,342.5033234,491.991128,0,0.1819553,0.408465658,0.356313265,0.342343334,0.303130342,0.265685386,0.213504185,0.787401575,0.376647834,0.282885431,0.373134328,0.264550265,0.276243094,0.279004883,490.5270506,2,4,0,25,34.42,32.99,29.78,28.41,26.22,25.38,25.95,0.121,0.124,0.125,0.124,0.124,0.125,0.125,0.125
70,59,no,45,0.416,1,0.425,0.35,0.125,0,133.6666667,42,10,4.875,41.66666667,229.1666667,0.184027778,0.2,0.022222222,0.177777778,19.6,19.6,0,1.222222222,0,0,1.222222222,1.222222222,1909.3345,1.2177395,4.44909668,1.009105451,0.098633935,806.9507173,0.393700787,0.188323917,0.141442716,0.124378109,0.176366843,0.110497238,0.093001628,400.3191842,63.09819263,4.997744988,1.207095581,0.844288685,0.824881422,0.848848676,0.795478062,0.766125962,0.596286773,1.181102362,0.753295669,0.848656294,0.870646766,0.881834215,0.773480663,0.488258545,289.69523,7.6,15.6,1,0,10.22,13.21,13.62,14.16,14.11,16.25,24.52,0.109,0.121,0.122,0.122,0.122,0.122,0.123,0.125
71,21,yes,40,29.64,2,0.475,0.45,0.725,0,12.33333333,40,10,16,444.4444444,423.6111111,0.173611111,0.225,0.075,0.15,15.025,15.025,0,0.45,0,0.4,0.05,0.45,1878.3485,2.9472408,-8.200195313,1.016042589,0.697162043,1800.512154,0,0,0,0,0.176366843,0.165745856,0.116252034,255.865601,154.824848,0,1.906713164,1.618145905,1.632270956,1.563712736,1.373257657,1.224218145,0.936125355,1.181102362,1.129943503,1.131541726,0.995024876,1.058201058,1.049723757,0.813764241,389.9745082,3,7.6,1,2.86,4.11,3.35,3.89,4.51,6.94,11.92,19.37,0.142,0.122,0.119,0.119,0.119,0.12,0.122,0.123
72,12,no,50,30.16,2,0.75,0.75,0.975,0.05,8,57,10,1.25,902.7777778,381.9444444,0.034722222,0,0,0,0,0,0,1.98,0,0.22,1.76,1.98,1890.7513,1.1578041,-0.114746094,1.006284869,0.006426866,1223.701585,0,0.188323917,0.141442716,0.124378109,0.264550265,0.220994475,0.139502441,552.8727484,372.2100086,0,1.50845457,1.554229309,1.444511302,1.427645777,1.253657712,1.008086313,0.809465901,0.787401575,0.941619586,1.131541726,1.119402985,1.14638448,0.773480663,0.720762613,616.8041181,0.3,1,1,100,34.86,22.84,20.08,19.65,18.57,17.49,17.91,0.135,0.125,0.123,0.124,0.124,0.124,0.123,0.121
73,19,no,31,17.108,2,0.925,1,0.525,-0.2,9.333333333,41,12,4.75,215.2777778,83.33333333,0.177083333,1.612903226,0.032258065,1.580645161,5.225806452,3.129032258,0,2.35483871,0,0.516129032,1.838709677,2.35483871,1909.3302,1.2091,-4.522460938,0.993472579,0.025949506,1010.717552,0,0.376647834,0.282885431,0.248756219,0.264550265,0.220994475,0.162752848,98.83093716,1269.037431,0,0,0.011401122,0.042217702,0.143983298,0.341398749,0.485100336,0.648035208,0,0.188323917,0.141442716,0.248756219,0.264550265,0.331491713,0.581260172,1276.327289,3,7.3,0,20,33.92,29.12,27.78,27.37,27.38,32.09,33.54,0.119,0.125,0.125,0.125,0.125,0.125,0.126,0.127
74,44,no,41,21.268,2,0.675,0.6,0.525,0.1,8.333333333,26,7,4.75,520.8333333,194.4444444,0.036458333,0.146341463,0.146341463,0,10.85365854,10.85365854,0,1.951219512,0,0.243902439,1.707317073,1.951219512,1897.7411,1.4060932,-0.862304688,1.00403066,0.525515945,150.4529076,0.393700787,0.376647834,0.282885431,0.248756219,0.176366843,0.165745856,0.162752848,97.10181027,986.3455596,0,0,0.369848459,0.387829315,0.410857535,0.456845306,0.474516861,0.585170623,0,0,0,0,0.176366843,0.331491713,0.534759358,1612.053605,1,1,0,50,53.8,51.19,50.24,49.26,44.46,38.28,31.43,0.128,0.128,0.128,0.129,0.129,0.129,0.128,0.126
75,4,no,40,22.412,2,0.5,0.5,0.6,-0.05,17.33333333,32,10,2,319.4444444,437.5,0.147569444,0.25,0.25,0,1.45,1.45,0,2.075,0,0,2.075,2.075,1877.8704,1.1147957,-1.216674805,1.011316076,0.223322861,383.4807721,0.787401575,0.376647834,0.282885431,0.248756219,0.176366843,0.165745856,0.162752848,889.8733098,491.0413754,0,1.081664749,1.015709851,0.862472036,0.800678389,0.70684804,0.685371289,0.726727406,1.181102362,0.941619586,0.848656294,0.746268657,0.793650794,0.662983425,0.6742618,474.6584858,1.3,3.3,1,6.25,5.59,5.73,7.97,9.47,14.49,18.28,17.7,0.124,0.119,0.118,0.118,0.119,0.119,0.119,0.118
76,2,no,50,0,1,0.025,0.05,0.025,-0.05,81.33333333,54,20,3.125,13.88888889,97.22222222,0.217013889,0.12,0.12,0,15.78,15.78,0,3.58,0,0,3.58,3.58,1859.0602,1.2551217,-2.991699219,1.007490072,0.497284085,1700.776567,0,0,0,0,0.176366843,0.165745856,0.279004883,445.0667967,438.8316178,0,0.633108468,0.556256987,0.560346909,0.567870107,0.612141741,0.597046448,0.620130132,0.393700787,0.376647834,0.424328147,0.373134328,0.617283951,0.773480663,0.558009765,765.5432076,26,50,1,0,0.04,0.19,0.48,0.63,1.29,3.02,9.62,0.105,0.106,0.107,0.108,0.108,0.108,0.109,0.111
77,58,no,45,0,1,0.325,0.4,0.25,-0.05,38,31,15,4.25,152.7777778,118.0555556,0.180555556,0.355555556,0.355555556,0,0,0,0,0.244444444,0,0,0.244444444,0.244444444,1880.6234,1.4179033,1.231445313,0.996929007,0.298691847,319.1638914,0.393700787,0.188323917,0.141442716,0.124378109,0.088183422,0.110497238,0.162752848,355.9525471,324.3886094,0,1.875218152,1.262595562,1.088723065,1.017346769,0.924797907,0.896553111,0.863002918,1.968503937,1.506591337,1.272984441,1.119402985,1.058201058,0.939226519,0.813764241,692.6750344,9,15.3,1,0,11.12,18.41,19.87,20.34,20.19,17.27,10.92,0.12,0.122,0.122,0.121,0.121,0.122,0.12,0.114
78,8,no,40,23.14,2,0.375,0.5,0.7375,-0.075,16.66666667,36,10,17.5,493.0555556,826.3888889,0.121527778,0.375,0,0.375,0,0,0,10.5,0,2.375,8.125,10.5,1905.7188,0.36661631,-0.583129883,1.00586776,0.907522873,2335.767197,0,0,0,0,0,0.110497238,0.093001628,265.2239581,383.9909928,0,0.595122325,0.708079832,0.674474493,0.736124415,0.683944514,0.668934604,0.560512273,0,0.188323917,0.282885431,0.248756219,0.352733686,0.386740331,0.418507324,1141.125605,1,9.3,0,30.56,48.32,37.93,34.05,32.86,30.34,30.26,35.64,0.14,0.131,0.127,0.127,0.127,0.126,0.126,0.128
80,48,no,31,0,1,0.025,0.05,0.0375,-0.075,500,31,20,2.5,0,0,0.1875,0,0,0,2.64516129,0,0,0,0,0,0,0,1848.5453,3.2401283,4.643676758,0.987960998,0.593669289,247.5035061,2.362204724,1.129943503,0.99009901,0.870646766,0.617283951,0.44198895,0.255754476,359.388584,271.184711,0,0.504006224,0.31718724,0.266668791,0.246942815,0.20157567,0.160648733,0.148172005,0,0,0,0,0,0.055248619,0.116252034,2372.449073,52,76,0,0,0,0,0,0,0,0,0.03,0.097,0.1,0.099,0.099,0.099,0.098,0.098,0.098
81,8,no,35,0,1,0.625,0.75,0.1,-0.2,10.66666667,54,15,7.5,6.944444444,256.9444444,0.230902778,0,0,0,95.54285714,0,0,0.714285714,0,0,0.714285714,0.714285714,1852.9666,2.031343,-0.514282227,0.993262101,0.480373416,1606.253579,0,0,0,0,0.176366843,0.165745856,0.279004883,669.8759924,424.2827884,0,0.323546616,0.252242429,0.227319511,0.215397824,0.31515441,0.447526317,0.448178275,0.787401575,0.564971751,0.424328147,0.373134328,0.264550265,0.44198895,0.465008138,412.2015696,55,78,0,0,0,0,0,0,0.07,0.11,1.51,0.107,0.102,0.101,0.101,0.101,0.101,0.102,0.104
82,9,yes,38,0,1,0.075,0.15,0.3,-0.4,194.6666667,56,20,9.25,0,1458.333333,0.21875,0.473684211,0.473684211,0,67.94736842,67.94736842,0,4.052631579,0,0.026315789,4.052631579,4.052631579,1829.7251,2.1068709,-2.243286133,0.986643861,0.824227503,1363.204305,0,0,0.141442716,0.124378109,0.352733686,0.386740331,0.279004883,54.45934673,1996.233729,0,0,0,0,0,0,0.047375595,0.094236766,0,0,0,0,0,0,0.069751221,2979.632779,17,24,0,0,0,0,0,0,0,0,0,0.094,0.096,0.096,0.096,0.096,0.096,0.097,0.098
84,67,yes,37,0,1,0,0,0.025,-0.05,125.6666667,50,30,2.875,0,34.72222222,0.171875,0.810810811,0.810810811,0,141.3243243,141.3243243,0,3.837837838,6.540540541,1.162162162,2.621621622,10.37837838,1856.1334,0.86079156,-0.84753418,0.997405255,0.831509557,1354.028508,0,0,0.141442716,0.124378109,0.176366843,0.110497238,0.116252034,521.5858482,2063.804104,0,0,0,0,0,0,0.101413181,0.230946251,0,0,0,0,0,0.165745856,0.348756103,2094.919219,37,86,0,0,0,0,0,0,0,0,0.03,0.101,0.1,0.1,0.099,0.099,0.099,0.099,0.099
85,64,yes,37,0,1,0.075,0.15,0.05,-0.1,212.3333333,48,10,5.75,0,0,0.135416667,0,0,0,44.86486486,44.86486486,0,0.540540541,0,0,0.486486486,0.540540541,1860.1049,0.72420585,5.004638672,1.000488449,0.60684909,846.4026397,0.393700787,0.376647834,0.282885431,0.248756219,0.176366843,0.220994475,0.279004883,213.1848412,2411.72003,0,0,0,0,0,0,0,0.088998063,0,0,0,0,0,0,0.139502441,2441.983056,135,137,0,0,0,0,0,0,0,0,0,0.093,0.095,0.095,0.096,0.096,0.096,0.097,0.098
86,20,yes,35,0,1,0.1,0.2,0.1375,-0.275,109.3333333,42,20,7.875,0,55.55555556,0.317708333,0.085714286,0.085714286,0,129.9714286,106.4285714,23.54285714,0.342857143,0,0,0.342857143,0.342857143,1818.5133,0.37215886,-3.18359375,1.007723868,0.270393797,903.1910363,0,0.188323917,0.282885431,0.497512438,0.352733686,0.331491713,0.395256917,246.5772198,2399.045307,0,0,0,0,0,0,1.7467E-05,0.031258371,0,0,0,0,0,0,0,4211.856059,30,47,0,0,0,0,0,0,0,0,0,0.098,0.098,0.097,0.097,0.097,0.097,0.097,0.097
87,22,no,35,0,1,0.225,0.45,0.15,-0.3,202.3333333,44,20,2.875,0,0,0.265625,0,0,0,14.28571429,4.857142857,8.914285714,1.142857143,0,0,1.142857143,1.142857143,1842.2687,1.1362166,1.317749023,0.996160652,0.995790114,1315.585124,0,0,0.707213579,0.621890547,0.440917108,0.44198895,0.302255289,421.2020641,1483.675169,0,0,0,0.002537017,0.016388797,0.041745753,0.059424106,0.059790718,0,0,0,0,0,0,0,4408.764803,20,94,0,0,0,0,0,0,0,0,0,0.093,0.095,0.095,0.096,0.096,0.096,0.096,0.097
90,57,no,39,7.592,1,0.55,0.55,0.55,-0.1,12,38,15,3.25,388.8888889,479.1666667,0.116319444,0.128205128,0.128205128,0,0,0,0,0,0,0,0,0,1939.7847,5.2509508,-29.02111816,1.023671687,2.70E-05,1748.290232,0,0,0,0,0.088183422,0.110497238,0.093001628,214.015701,1086.224635,0,0,0.245096167,0.414231318,0.445426356,0.607493791,0.628557947,0.827379408,0,0,0,0,0,0,0.046500814,3300.409311,0,0,0,20.59,33.89,34.36,35.56,36.82,38.36,40.59,37.47,0.127,0.129,0.127,0.127,0.126,0.126,0.126,0.123
91,63,no,39,2.548,1,0.175,0,0.2,-0.2,24.66666667,36,15,2,118.0555556,69.44444444,0.180555556,0.051282051,0.051282051,0,31.56410256,31.56410256,0,0.974358974,0,0,0.974358974,0.974358974,2065.5842,1.0722708,6.459960938,0.997475053,0.975396921,1880.237119,0,0,0,0,0.088183422,0.055248619,0.046500814,292.1456746,207.0152804,0,1.064955976,0.78220247,0.818897195,0.794740367,0.749217748,0.632918788,0.571136659,0,0,0,0,0,0,0.069751221,2891.126632,16,39,0,0,37.72,42.76,41.15,41.76,45.75,47.56,44.11,0.115,0.124,0.126,0.126,0.126,0.126,0.127,0.125
93,13,no,46,0.208,1,0.175,0.35,0.25,-0.35,187,43,10,5.75,55.55555556,256.9444444,0.107638889,0.173913043,0.173913043,0,0,0,0,0,0,0,0,0,1940.7627,5.5430193,-10.18920898,1.036584092,0.212399843,1391.762115,0,0,0.141442716,0.124378109,0.088183422,0.055248619,0.186003255,270.4457687,357.9235846,0,0.979477071,0.790983785,0.949328312,0.955868499,1.027102763,0.884650539,0.79079047,0,0,0,0,0,0,0,4754.689707,0,0,0,42.86,20.44,23.63,26.72,27.33,28.06,29.71,29.74,0.107,0.118,0.12,0.121,0.121,0.121,0.122,0.122
94,41,no,40,12.064,1,0.725,0.7,0.25,-0.15,9,46,10,4,48.61111111,118.0555556,0.078125,0.05,0.05,0,0,0,0,0.125,0.225,0,0.125,0.35,1906.2908,1.7170206,-24.36450195,0.99624006,0.999951347,1624.461174,0,0,0,0,0.176366843,0.165745856,0.186003255,990.6635951,37.01204088,5.98756345,0.717637631,1.072078768,1.3538481,1.313621202,1.253187194,1.117504932,0.759952874,0,0,0,0,0,0,0,3749.231388,0,0,0,9.09,16.63,13.22,12.78,13.1,14.24,15.14,16.54,0.129,0.12,0.119,0.119,0.12,0.12,0.12,0.119
95,43,no,40,38.948,2,0.65,0.55,0.8375,0.075,16.33333333,31,10,7.375,1159.722222,41.66666667,0.039930556,0.275,0.275,0,0,0,0,1.875,0,0.275,1.6,1.875,1889.7595,0.26955035,0.948608398,1.008240877,0.97005569,1381.647267,0,0,0.141442716,0.124378109,0.176366843,0.110497238,0.325505696,741.3221295,355.835135,0,1.237333233,1.097441942,0.975010654,0.913716476,0.907711031,0.864349597,0.786147083,0,0,0,0,0,0,0.069751221,2086.258722,0,0,0,85.71,21.07,16.02,14.4,13.94,13.27,15.17,18.09,0.131,0.12,0.119,0.119,0.119,0.119,0.118,0.119
96,21,yes,32,10.504,1,0.65,0.85,0.5875,-0.175,12,58,15,7.375,215.2777778,263.8888889,0.151041667,0,0,0,26,26,0,0.125,0.03125,0.03125,0.09375,0.15625,1846.551,3.108736,0.642822266,0.990969654,0.422103376,825.269201,0.393700787,0.188323917,0.141442716,0.124378109,0.176366843,0.110497238,0.139502441,6.199973996,433.3838924,0,0.720192212,0.843364038,0.86347326,0.904533904,0.724901563,0.556544852,0.4899431,0,0,0,0,0,0,0.046500814,3049.23939,29,43,0,0,0.04,1.22,1.33,1.24,2.33,7.01,15.82,0.113,0.112,0.112,0.112,0.112,0.113,0.115,0.117
100,1,no,40,0,1,0.4,0.6,0.35,-0.35,29.66666667,53,15,8.25,291.6666667,6.944444444,0.043402778,0.05,0.05,0,0,0,0,0.175,0,0.175,0,0.175,1859.4408,0.26102671,5.112915039,1.004970907,0.999973206,411.9586755,0.393700787,0.188323917,0.282885431,0.248756219,0.176366843,0.276243094,0.395256917,68.88712561,1316.438594,0,0,0,0.029031371,0.054228332,0.193768867,0.26970571,0.52092437,0,0,0.141442716,0.248756219,0.264550265,0.276243094,0.325505696,1324.674914,13,44,0,0,15.65,25.42,27.32,27.98,29.9,30.59,21.66,0.109,0.114,0.115,0.116,0.116,0.116,0.117,0.116
101,42,no,40,7.228,1,0.125,0.25,0.325,-0.35,44.33333333,40,10,8.125,62.5,520.8333333,0.203125,0.1,0.1,0,0,0,0,0.3,0,0,0.3,0.3,1864.2214,0.90442997,-1.361816406,0.99797594,0.218015905,810.0807356,0.393700787,0.188323917,0.141442716,0.124378109,0.176366843,0.220994475,0.302255289,463.6795865,1093.193717,0,0,0.074094255,0.209624356,0.261578946,0.383257775,0.419631643,0.618849661,0,0.188323917,0.141442716,0.248756219,0.264550265,0.165745856,0.209253662,940.3188667,2,11,0,0,7.51,12.15,11.16,10.35,9.52,13.16,19.44,0.115,0.117,0.118,0.118,0.118,0.117,0.117,0.117
102,41,no,38,0.104,1,0.3,0.55,0.2625,-0.375,15.66666667,34,15,4.5,277.7777778,513.8888889,0.305555556,0,0,0,0,0,0,0.026315789,0,0,0.026315789,0.026315789,1889.6135,3.4990613,-13.79064941,0.970973284,0.996722802,556.4287286,0.393700787,0.376647834,0.424328147,0.497512438,0.440917108,0.331491713,0.255754476,288.7921106,74.48378972,4.298124975,0.987002088,0.741811049,0.676987369,0.646818907,0.666516977,0.687673504,0.679728268,0,0,0,0,0,0,0,5492.372582,0,0,0,0,17.5,17.5,17.66,18.24,19.3,18,20.64,0.112,0.121,0.118,0.118,0.118,0.118,0.118,0.118
105,1,no,46,14.508,1,0.875,0.95,0.6875,-0.225,12.33333333,46,10,8.375,354.1666667,4340.277778,0.036458333,0,0,0,25.10869565,25.10869565,0,0.304347826,0,0.130434783,0.173913043,0.304347826,1953.9604,9.8940182,13.0826416,1.05866277,0.716084086,505.4932022,1.181102362,0.564971751,0.848656294,0.746268657,0.529100529,0.386740331,0.255754476,1.862754627,1140.031357,0,0,0.261306002,0.43053228,0.430095295,0.426881018,0.385926534,0.484989483,0,0,0,0,0,0,0,7115.027651,0,0,0,0,14.29,21.69,22.58,24.63,27.85,29.12,31.6,0.115,0.112,0.114,0.115,0.115,0.116,0.118,0.119
106,61,yes,48,3.328,1,0.45,0.6,0.3375,-0.275,24.33333333,42,15,16.625,166.6666667,118.0555556,0.157986111,0,0,0,49.8125,49.8125,0,0,0,0,0,0,1878.1144,3.0888186,-12.81079102,1.005587544,0.080160674,731.2684347,0.393700787,0.376647834,0.282885431,0.373134328,0.440917108,0.331491713,0.255754476,115.2754289,1691.562817,0,0,0,0,0,0.02136738,0.042500106,0.204561144,0,0,0,0,0,0,0,8327.253703,0,0,0,0,24.58,29.91,30.41,29.94,29.67,27.1,28.01,0.105,0.117,0.118,0.119,0.119,0.118,0.118,0.12
116,55,no,41,39.104,2,0.575,0.55,0.8125,0.075,16,44,15,14.5,847.2222222,819.4444444,0.046875,0.048780488,0.048780488,0,3.365853659,0.658536585,0,0.243902439,0,0,0.243902439,0.243902439,1719.314,2.5746808,-6.176269531,1.008376014,0.10849618,584.7728498,0.787401575,0.376647834,0.282885431,0.248756219,0.176366843,0.110497238,0.046500814,83.15102713,10281.27288,0,0,0,0,0,0,0,0,0,0,0,0,0,0,0,10679.74503,0,0,0,0,10.66,13.31,13.25,13.08,12.79,11.99,13.53,0.127,0.122,0.122,0.122,0.122,0.122,0.121,0.12
122,24,no,50,29.64,2,0.55,0.6,0.8875,0.175,13,55,15,4,659.7222222,298.6111111,0.114583333,0.34,0.18,0.16,5.44,5.44,0,1.48,0,0.88,0.6,1.48,1784.1533,2.8201845,-1.674926758,1.020946067,0.46384738,3600.728135,0,0,0,0,0,0,0.069751221,112.1998653,6547.778297,0,0,0,0,0,0,0,0,0,0,0,0,0,0,0,9268.031819,0,0,0,66.67,30.08,31.95,31.01,30.61,29.77,26.49,20.07,0.118,0.114,0.114,0.115,0.115,0.116,0.116,0.117
132,67,no,41,57.512,2,0.95,0.9,0.775,0.1,10.33333333,33,10,5.125,694.4444444,41.66666667,0.161458333,0.487804878,0,0.487804878,0,0,0,0,0,0,0,0,1880.1071,2.2356396,1.919189453,1.007999048,0.651154206,981.9142801,0,0.376647834,0.707213579,0.870646766,0.881834215,0.662983425,0.558009765,278.0084772,94.0238696,2.185771377,0.616223608,0.370768359,0.469741645,0.61592217,0.59838399,0.659342573,0.499204996,1.57480315,0.941619586,0.707213579,0.870646766,0.793650794,0.939226519,0.581260172,148.5706013,1.3,1.6,1,91.67,67.34,51.92,45.56,43.96,39.91,34.78,22.66,0.125,0.125,0.123,0.122,0.121,0.119,0.116,0.114
140,14,no,38,52.052,2,0.625,0.65,0.675,-0.05,9.333333333,45,15,6.375,888.8888889,173.6111111,0.060763889,0.157894737,0.078947368,0.078947368,0,0,0,1.263157895,0,1.263157895,0,1.263157895,1832.3462,1.3245925,-0.489379883,1.000889561,0.639444667,485.077686,0.787401575,0.753295669,0.707213579,0.621890547,0.529100529,0.552486188,0.395256917,413.6832196,554.6152582,0,0.251288767,0.196933031,0.177557257,0.169162685,0.147864399,0.198213369,0.360655827,0.787401575,0.376647834,0.424328147,0.373134328,0.352733686,0.331491713,0.465008138,633.7049249,0,0.6,0,100,82.49,72.16,66.33,63.44,56.9,47.75,32.17,0.131,0.13,0.127,0.126,0.126,0.124,0.122,0.117
158,46,no,42,7.228,1,0.3,0.35,0.475,-0.25,28,40,10,11.625,138.8888889,562.5,0.220486111,0.476190476,0.476190476,0,0,0,0,0.30952381,0,0,0.30952381,0.30952381,1814.5035,0.71141577,-6.258056641,1.006296034,0.283525642,737.0724065,0.787401575,0.376647834,0.424328147,0.373134328,0.440917108,0.497237569,0.465008138,717.3593319,1903.281226,0,0,0,0,0,0,0.028141407,0.133972141,0,0,0,0,0,0.110497238,0.209253662,1914.564116,0,0,0,71.43,51.18,45.56,43.68,42.54,39.93,35.81,25.25,0.125,0.121,0.12,0.119,0.119,0.118,0.116,0.113
165,23,no,42,29.432,2,0.9,0.9,0.725,-0.25,16.66666667,46,10,17.25,1013.888889,770.8333333,0.017361111,0.357142857,0.023809524,0.333333333,0,0,0,0.452380952,0,0.19047619,0.261904762,0.452380952,1866.0817,1.5877957,1.210327148,0.992182467,0.45184632,745.1394982,0.393700787,0.753295669,0.707213579,0.746268657,0.881834215,0.828729282,0.697512206,363.2057881,317.0266945,0,1.168993566,0.838769907,0.773172729,0.76478998,0.888926523,0.75549726,0.6370134,1.181102362,0.753295669,0.848656294,0.870646766,1.14638448,0.939226519,0.837014648,350.5112913,0.6,2.6,1,50,28.68,28.69,27.26,27.7,27.08,26.31,24.1,0.129,0.112,0.11,0.11,0.11,0.109,0.109,0.11
168,5,no,35,25.636,2,0.425,0.6,0.6375,-0.325,17,58,15,8.75,125,416.6666667,0.088541667,0.685714286,0.428571429,0.257142857,1.485714286,0.085714286,0,0,0,0,0,0,1921.3167,3.1340334,-8.710693359,1.014457208,0.621898862,1927.111195,0,0,0,0,0,0.110497238,0.255754476,1078.005681,106.277936,0,1.169641249,1.27940768,1.275928249,1.272528737,1.273708314,1.036653706,0.858304857,0,0.188323917,0.424328147,0.497512438,0.529100529,0.386740331,0.162752848,1269.180013,1.3,2,1,0,48.09,50.36,48.36,47.69,46.4,40.76,37.54,0.123,0.126,0.126,0.126,0.127,0.127,0.125,0.123
173,10,no,38,3.016,1,0.125,0.25,0.3875,-0.175,29.66666667,34,30,7.125,76.38888889,847.2222222,0.138888889,0.078947368,0.078947368,0,0,0,0,1.026315789,0,0,1.026315789,1.026315789,1801.8485,2.6847496,5.686889648,0.978231147,0.682811786,822.8272055,0.393700787,0.564971751,0.424328147,0.373134328,0.352733686,0.44198895,0.37200651,137.5136443,2210.35343,0,0,0,0,0,0,0.017671188,0.048558259,0,0,0,0,0,0.055248619,0.093001628,2201.992881,5.3,15.3,0,0,0,0.68,1.76,2.54,4.65,7.92,13.75,0.107,0.102,0.103,0.103,0.104,0.105,0.106,0.109
183,19,no,36,2.288,1,0.3,0.35,0.1875,-0.125,32.66666667,49,10,14.625,159.7222222,27.77777778,0.126736111,0,0,0,0,0,0,0.472222222,0,0,0.472222222,0.472222222,1913.3263,0.97278088,1.899902344,1.007972672,0.00417796,785.4157416,0.393700787,0.564971751,0.848656294,0.746268657,0.705467372,0.552486188,0.395256917,272.7975548,374.2837674,0,1.004394821,0.891136799,0.956144374,0.886966559,0.720646702,0.601639337,0.657244334,0,0.188323917,0.282885431,0.248756219,0.176366843,0.220994475,0.37200651,1120.77049,30,24.6,0,0,11.23,17.36,17.69,17.63,19.84,24.23,20.49,0.097,0.109,0.112,0.113,0.113,0.114,0.115,0.117
189,47,no,46,1.04,1,0.125,0.25,0.1875,-0.125,38.33333333,39,15,7,6.944444444,111.1111111,0.126736111,0.065217391,0.065217391,0,0,0,0,0.52173913,0,0,0.52173913,0.52173913,1858.6107,1.2458794,2.061523438,0.992625266,0.290650139,1161.173004,0,0.188323917,0.141442716,0.124378109,0.352733686,0.44198895,0.325505696,96.23290268,1103.063265,0,0,0.259503218,0.281337973,0.281168726,0.292128363,0.290857895,0.287038766,0,0,0,0,0,0.110497238,0.348756103,1900.919599,14.6,29.3,0,0,0,0,0.01,0.01,0.03,1.55,5.55,0.097,0.098,0.099,0.099,0.099,0.099,0.101,0.104
190,33,no,41,0,1,0.1,0.2,0.0875,-0.175,168,32,15,9.375,34.72222222,368.0555556,0.069444444,0.195121951,0.195121951,0,0,0,0,3.097560976,0.024390244,0.024390244,3.097560976,3.12195122,1845.3483,1.894878,1.163452148,0.99587258,0.683141197,365.7257885,0.393700787,0.941619586,0.848656294,0.870646766,0.793650794,0.773480663,0.558009765,74.95744755,139.766485,0,1.642309675,1.212243562,1.116130215,1.069101509,0.944902652,0.825033536,0.586806594,1.181102362,1.129943503,1.272984441,1.243781095,0.970017637,1.049723757,0.697512206,505.5951197,33,77,1,0,8.68,15.2,17.4,18.39,19.97,21.3,23.18,0.1,0.104,0.106,0.106,0.107,0.107,0.108,0.109
191,70,no,41,3.536,1,0.875,0.75,0.6,0.05,9,38,19,0.375,41.66666667,291.6666667,0.126736111,0,0,0,0,0,0,2.731707317,0,0.87804878,1.853658537,2.731707317,1821.1783,0.58485812,2.32409668,1.003389277,0.955966927,867.8609975,0.393700787,0.376647834,0.424328147,0.373134328,0.529100529,0.386740331,0.255754476,59.45602135,1571.914036,0,0,0,0,0.005129292,0.039773244,0.057014317,0.096478017,0,0,0,0.124378109,0.088183422,0.165745856,0.162752848,1577.749251,10.6,24.3,0,0,0,0.1,0.08,0.08,0.06,0.12,1.11,0.112,0.108,0.106,0.105,0.105,0.105,0.104,0.103
193,7,no,40,0,1,0,0,0,0,93,34,15,1.25,0,27.77777778,0.217013889,0,0,0,0,0,0,0.15,0,0,0.15,0.15,1774.8478,2.1444025,-5.606079102,1.010412793,0.000397734,797.553109,0.393700787,0.188323917,0.141442716,0.124378109,0.088183422,0.165745856,0.255754476,162.384154,6060.536266,0,0,0,0,0,0,0,0,0,0,0,0,0,0,0,5998.866218,0,0,0,0,0,0,0,0,0,0,0,0.103,0.108,0.108,0.108,0.107,0.107,0.106,0.104
194,63,yes,32,0,1,0,0,0.1875,-0.125,113,46,10,3.25,13.88888889,6.944444444,0.178819444,0,0,0,115.6875,115,0.6875,0.28125,0.03125,0,0.25,0.3125,1891.0916,0.94325626,-0.269042969,1.003059546,0.85303039,1146.143437,0,0.376647834,0.424328147,0.373134328,0.529100529,0.44198895,0.511508951,895.7622106,49.77931063,5.590783717,1.276090625,0.934891912,0.836110082,0.85489297,0.750573869,0.692097787,0.553748502,1.57480315,1.31826742,0.99009901,1.119402985,0.881834215,0.718232044,0.604510579,127.8006941,37,88,1,0,0.49,2.37,5.73,7.3,11.83,14.99,17.81,0.107,0.107,0.109,0.111,0.111,0.112,0.112,0.114
195,68,no,41,0.208,1,0.575,0.75,0.5625,-0.375,8.666666667,46,10,7.125,27.77777778,770.8333333,0.079861111,0.170731707,0.146341463,0.024390244,0,0,0,0.390243902,0,0.341463415,0.048780488,0.390243902,1806.3208,1.4232907,1.362670898,1.010683375,0.542335363,743.3782137,0.787401575,0.376647834,0.282885431,0.248756219,0.176366843,0.165745856,0.186003255,96.33389588,3118.425319,0,0,0,0,0,0,0,0.027322829,0,0,0,0,0,0,0.069751221,3122.819419,8,12,0,0,0,0,0,0,0,0,0.01,0.11,0.111,0.108,0.107,0.107,0.105,0.104,0.102
196,57,no,31,1.872,1,0.45,0.6,0.7125,-0.225,40.66666667,33,15,22.375,368.0555556,13.88888889,0.151041667,0.516129032,0.516129032,0,9.096774194,9.096774194,0,0.096774194,0,0,0.096774194,0.096774194,1826.9578,1.6915988,0.825561523,1.003471381,0.573582714,291.4621707,0.393700787,0.188323917,0.141442716,0.124378109,0.176366843,0.552486188,0.37200651,353.8117063,1030.592655,0,0,0.050570229,0.117869712,0.287388304,0.326614274,0.364474047,0.368474534,0,0.188323917,0.282885431,0.497512438,0.440917108,0.44198895,0.441757731,1078.140264,17,23.6,1,5.56,9.71,9.08,10.52,11.64,14.72,18.78,19.88,0.113,0.108,0.106,0.106,0.106,0.106,0.107,0.107
197,4,no,42,5.096,1,0.325,0.4,0.425,-0.1,31.66666667,49,15,13.75,152.7777778,298.6111111,0.100694444,0,0,0,0,0,0,0.357142857,0,0,0.261904762,0.357142857,1843.9048,2.6956346,2.90637207,0.980506194,0.635502257,739.4020597,0.787401575,0.564971751,0.565770863,0.621890547,0.440917108,0.44198895,0.465008138,96.604067,1107.581218,0,0,0.582384436,0.67670771,0.73358393,0.750366147,0.689691465,0.482418779,0,0.753295669,0.707213579,0.746268657,0.705467372,0.662983425,0.651011393,1140.704656,14,25,1,8.57,0.11,2.41,6.68,8.98,14.26,18.72,21.38,0.109,0.103,0.103,0.104,0.105,0.106,0.107,0.107
198,36,no,31,0,1,0.575,0.65,0.3375,-0.075,17,42,15,8.75,0,0,0.196180556,0.419354839,0.419354839,0,0,0,0,2.322580645,0,0,2.322580645,2.322580645,1810.6653,0.99078935,-2.806274414,1.009886369,0.401614673,707.0801898,0.393700787,0.188323917,0.141442716,0.124378109,0.088183422,0.165745856,0.232504069,36.80942283,3524.972715,0,0,0,0,0,0,0,0.004872337,0,0,0,0,0,0,0.023250407,3530.81263,8.3,24,0,0,0,0,0,0,0,0,0.14,0.108,0.098,0.097,0.098,0.098,0.098,0.098,0.099
200,22,no,40,21.268,2,0.25,0.25,0.6,-0.05,38,38,15,11.625,326.3888889,27.77777778,0.151041667,0.3,0.3,0,0,0,0,3.525,0.075,0.95,2.775,3.6,1845.4961,1.6026434,-2.543579102,0.998755734,0.518498203,566.3383002,0.787401575,0.941619586,0.707213579,0.746268657,0.529100529,0.386740331,0.232504069,298.5529518,1722.029549,0,0,0,0,0,0.018854548,0.098319773,0.248494497,0,0,0,0,0.088183422,0.220994475,0.37200651,1721.785493,1,11,0,0,1.81,3.51,4.25,4.62,5.13,5.57,4.47,0.108,0.105,0.104,0.104,0.104,0.104,0.104,0.104
201,20,no,39,0,1,0.4,0.7,0.25,-0.35,27.33333333,31,25,1.5,0,0,0.210069444,0,0,0,0,0,0,2.025641026,0,0.076923077,1.948717949,2.025641026,1845.4845,1.6079385,0.378295898,1.002396003,0.788741909,1062.436649,0,0.188323917,0.141442716,0.124378109,0.176366843,0.44198895,0.255754476,380.4273517,318.182536,0,0.532082279,0.331939908,0.277893687,0.25702273,0.208855434,0.232903294,0.19662605,1.181102362,0.564971751,0.424328147,0.373134328,0.264550265,0.386740331,0.325505696,368.1846412,26,59,0,0,0,0,0,0.04,0.06,0.84,7.03,0.106,0.103,0.105,0.106,0.107,0.108,0.108,0.109
202,65,no,38,26.416,2,0.35,0.1,0.3875,0.075,14.66666667,32,10,4,409.7222222,41.66666667,0.09375,0.473684211,0.157894737,0.315789474,0,0,0,2.710526316,0,0,2.710526316,2.710526316,1947.2225,1.694821,-3.848510742,0.990728958,0.851740092,984.1579575,0,0.376647834,0.282885431,0.248756219,0.352733686,0.220994475,0.209253662,138.0701315,809.0971869,0,0.266710114,0.65097241,0.782156439,0.815631353,1.008963402,0.965966735,0.856958811,0,0,0,0,0.176366843,0.220994475,0.162752848,1726.336394,1.3,2.3,0,37.5,48.57,45.37,44.1,43.81,42.78,42.89,40.85,0.125,0.126,0.126,0.126,0.126,0.126,0.126,0.125
203,10,no,40,0,1,0.175,0.25,0.1375,-0.175,34.66666667,39,15,8.75,6.944444444,402.7777778,0.157986111,0.55,0.55,0,0,0,0,0.525,0,0,0.525,0.525,1805.2445,1.3460467,-3.719970703,1.003190945,0.218111383,611.1601394,0.393700787,0.564971751,0.424328147,0.373134328,0.352733686,0.276243094,0.302255289,338.3712048,1188.323366,0,0,0.14442317,0.156240095,0.149990284,0.132914982,0.116827895,0.139653148,0,0.376647834,0.424328147,0.373134328,0.264550265,0.220994475,0.209253662,1222.921218,5.6,14,0,0,0,0.02,0.01,0.01,0.06,0.11,5.43,0.094,0.094,0.096,0.096,0.096,0.097,0.099,0.102
204,49,no,41,10.608,1,0.4,0.3,0.175,-0.1,105,33,10,4.5,27.77777778,13.88888889,0.168402778,0.951219512,0.951219512,0,0,0,0,0.341463415,0,0,0.341463415,0.341463415,1870.8217,1.2671926,3.952270508,0.993171223,0.179389227,778.6628653,0.393700787,0.188323917,0.141442716,0.124378109,0.088183422,0.165745856,0.255754476,161.6695369,1306.521439,0,0,0,0.119217549,0.170927107,0.189293373,0.44788185,0.478985275,0,0,0.282885431,0.373134328,0.440917108,0.497237569,0.558009765,1314.264911,53,76,0,0,22.09,24.44,22.53,20.91,16.42,11.57,7.43,0.1,0.109,0.111,0.111,0.111,0.11,0.109,0.108
205,26,no,39,0.104,1,0.075,0.15,0.2375,-0.075,27.33333333,32,30,1.75,138.8888889,0,0.135416667,0,0,0,17.64102564,17.64102564,0,1.871794872,0,0,1.871794872,1.871794872,1878.5574,1.6438087,3.075317383,1.006746226,0.642744182,708.0785132,0.393700787,0.188323917,0.141442716,0.124378109,0.088183422,0.165745856,0.232504069,51.27420977,104.0623546,0,1.42442415,1.006351424,0.843358402,0.779885438,0.742880549,0.782675672,0.696219555,1.57480315,1.506591337,1.272984441,1.119402985,0.970017637,1.104972376,0.837014648,489.7263146,28,68,1,0,1.91,7.88,10.19,11.51,15.16,13.14,14.17,0.101,0.104,0.108,0.11,0.111,0.113,0.114,0.115
206,54,no,41,0.468,1,0.05,0.1,0.275,-0.05,66.33333333,31,10,4.25,111.1111111,48.61111111,0.178819444,0.463414634,0.463414634,0,8.658536585,8.658536585,0,0.073170732,0,0,0.073170732,0.073170732,1859.5573,2.4806411,0.873291016,1.00844447,0.277183219,832.3331392,0.393700787,0.188323917,0.141442716,0.124378109,0.176366843,0.331491713,0.209253662,63.28861286,270.0015848,0,0.365223629,0.484807661,0.556685917,0.652742209,0.600150398,0.486585729,0.377631492,1.181102362,0.564971751,0.848656294,0.995024876,0.970017637,0.718232044,0.534759358,282.7407518,30,56,1,0,0.07,0.42,0.76,0.93,1.96,4.19,12.65,0.109,0.105,0.106,0.107,0.107,0.108,0.108,0.111
207,7,no,31,64.584,2,0.7,0.5,0.8,0.35,14,45,20,4.125,395.8333333,34.72222222,0.170138889,0.225806452,0.225806452,0,0,0,0,0.193548387,0.129032258,0,0.193548387,0.322580645,1863.9279,1.2966133,0.628051758,0.993453004,0.980535154,2589.806593,0.393700787,0.188323917,0.141442716,0.124378109,0.088183422,0.055248619,0.139502441,265.2800425,310.3364789,0,0.636302818,0.650295714,0.589104921,0.560797091,0.559495917,0.534142479,0.412753149,1.181102362,1.129943503,0.848656294,0.746268657,0.705467372,0.773480663,0.651011393,286.2519339,1,1.3,1,66.67,43.79,38.03,38.01,38,38.17,36.11,25.61,0.128,0.122,0.121,0.121,0.121,0.122,0.121,0.119
208,53,no,41,4.836,1,0.5,0.5,0.25,0,17.33333333,41,10,2.75,111.1111111,166.6666667,0.206597222,0,0,0,11.87804878,11.87804878,0,1.146341463,0,0.024390244,1.12195122,1.146341463,1876.9708,0.74204361,1.547241211,1.00777568,0.207846897,2257.505215,0,0.188323917,0.141442716,0.124378109,0.088183422,0.276243094,0.139502441,70.78150646,81.05824341,3.771026561,0.788692079,0.655133672,0.58593054,0.555756274,0.668531893,0.632020803,0.605225343,1.181102362,0.941619586,0.848656294,0.746268657,1.14638448,0.939226519,0.6742618,148.6647251,28,15,1,0,34.87,39.13,38.32,37.53,36.59,38.01,33.25,0.112,0.123,0.124,0.124,0.124,0.124,0.124,0.122
209,26,no,44,26.78,2,0.925,1,0.925,-0.1,6.333333333,61,7,4.25,506.9444444,3083.333333,0,0.340909091,0.340909091,0,0,0,0,1.909090909,0.068181818,0.909090909,1,1.977272727,1882.8501,1.2057613,0.202026367,1.007175929,0.810494761,3866.955841,0.393700787,0.188323917,0.141442716,0.124378109,0.088183422,0.110497238,0.093001628,83.77195419,268.7479751,0,0.341416876,0.239929454,0.208725351,0.1960333,0.179062495,0.178922258,0.187642197,0.787401575,0.564971751,0.565770863,0.497512438,0.529100529,0.386740331,0.325505696,256.7358128,0.6,1.3,1,62.86,59.38,60.02,59.93,58.88,56.88,50.37,36.63,0.14,0.133,0.132,0.131,0.131,0.129,0.127,0.122
210,44,no,39,51.116,2,0.525,0.65,0.625,-0.1,21,20,15,17.875,291.6666667,62.5,0.196180556,0.051282051,0,0.051282051,0,0,0,0.974358974,0,0.282051282,0.692307692,0.974358974,1881.0367,1.4008329,-2.073486328,0.995802683,0.288950901,1580.820171,0,0,0,0.124378109,0.176366843,0.165745856,0.162752848,1392.235945,277.855402,0,0.463859434,0.83783327,1.073171286,1.095984161,1.177345558,1.258403019,0.929504626,1.181102362,0.941619586,1.131541726,1.119402985,1.14638448,0.994475138,0.860265055,286.4484202,2.6,9.3,1,5.41,11.92,13.35,12.91,12.67,13.06,14.62,14.19,0.14,0.127,0.123,0.122,0.121,0.12,0.12,0.119
211,5,yes,41,0.52,1,0.3,0.35,0.2875,-0.225,22.33333333,37,15,5,194.4444444,395.8333333,0.178819444,1.146341463,1.073170732,0.073170732,4.146341463,4.146341463,0,3.073170732,0,1.804878049,1.268292683,3.073170732,1888.204,0.75125551,-1.86315918,1.004787926,0.055028218,1389.867413,0.393700787,0.376647834,0.424328147,0.373134328,0.264550265,0.165745856,0.116252034,49.84065732,914.4096802,0,0,0.347604605,0.389111019,0.389355979,0.556242258,0.719656509,0.618599145,0,0,0.141442716,0.124378109,0.176366843,0.44198895,0.651011393,1333.110539,3,8.3,0,0,22.35,33.71,37.44,38.99,40.09,40.47,40.45,0.121,0.123,0.126,0.127,0.127,0.127,0.126,0.126
212,43,no,33,0,1,0.075,0.15,0.15,-0.05,76,33,30,4.75,0,0,0.199652778,0.242424242,0.242424242,0,0,0,0,0,0,0,0,0,1835.5508,0.41103527,0.207519531,1.00255141,0.314905923,1678.191784,0,0,0,0,0.264550265,0.220994475,0.209253662,623.6657952,909.0176497,0,0,0.502943393,0.51488203,0.500273439,0.618097389,0.672019476,0.472391046,0,0.376647834,0.565770863,0.497512438,0.793650794,0.773480663,0.581260172,927.6861049,94,97,1,0,0,0,0,0,0.05,0.03,1.03,0.095,0.096,0.095,0.095,0.095,0.096,0.096,0.098
213,53,no,31,0,1,0.1,0.2,0.1,-0.2,294,37,30,5.5,0,6.944444444,0.319444444,0.548387097,0.548387097,0,0,0,0,0.580645161,0,0,0.580645161,0.580645161,1858.7479,0.48626551,0.428833008,1.005799476,0.158816432,864.2423636,0.393700787,0.188323917,0.282885431,0.373134328,0.264550265,0.220994475,0.279004883,132.7877363,1504.71295,0,0,0,0,0.143049128,0.249219681,0.327973476,0.587980706,0,0,0,0.248756219,0.440917108,0.607734807,0.837014648,1552.875001,90,110,0,0,0,0,0,0,0,0,0,0.094,0.098,0.098,0.098,0.098,0.098,0.099,0.1
214,69,no,29,0,1,0.275,0.45,0.1125,-0.225,95,49,15,10.75,6.944444444,180.5555556,0.109375,0.344827586,0.344827586,0,0,0,0,0,0,0,0,0,1828.8887,2.2032032,-2.422363281,1.019866938,0.009695717,1887.5003,0,0,0,0,0.088183422,0.276243094,0.209253662,1445.247838,1366.869082,0,0,0,0.027466007,0.041172271,0.062349079,0.07077053,0.149995062,0,0,0.141442716,0.124378109,0.088183422,0.110497238,0.279004883,1387.445216,53,55,0,0,0,0,0.22,0.41,0.45,0.36,0.15,0.087,0.094,0.094,0.094,0.094,0.095,0.095,0.097
215,25,no,42,7.904,1,0.175,0.35,0.2375,-0.225,110.6666667,50,10,7,48.61111111,97.22222222,0.142361111,0,0,0,0,0,0,0.166666667,0,0,0.166666667,0.166666667,1818.1654,1.0098681,-0.169921875,1.000033296,0.86791055,1113.562995,0,0.188323917,0.141442716,0.124378109,0.176366843,0.165745856,0.302255289,800.0165407,1663.331928,0,0,0,0,0,0.107497049,0.12163703,0.103716253,0,0,0,0,0.176366843,0.165745856,0.139502441,1605.647793,74,91,0,0,0,0,0,0,0.01,0.01,0.12,0.093,0.091,0.09,0.091,0.091,0.091,0.092,0.096
216,42,no,30,1.144,1,0.55,0.75,0.525,-0.1,19,43,10,17.125,118.0555556,7979.166667,0.157986111,0.566666667,0.333333333,0.233333333,0,0,0,0.366666667,0.033333333,0,0.366666667,0.4,1807.0281,1.2215576,0.638183594,0.999425334,0.629915286,1430.256217,0,0,0.141442716,0.124378109,0.264550265,0.331491713,0.37200651,101.5573051,2185.513364,0,0,0,0,0,0,0.017590497,0.073284606,0,0,0,0,0,0.055248619,0.162752848,2197.531403,0,0,0,20,37.82,44.32,46.33,45.99,46.69,48.81,37.8,0.127,0.127,0.128,0.128,0.128,0.128,0.127,0.123
217,25,no,34,0,1,0.1,0.2,0.1125,-0.225,47.66666667,42,15,5.125,0,0,0.315972222,0.264705882,0,0.264705882,22.88235294,22.88235294,0,1.029411765,0,0.852941176,0.176470588,1.029411765,1813.9303,2.2499979,-0.666625977,0.985815589,0.854151221,870.8931465,0.393700787,0.376647834,0.282885431,0.248756219,0.352733686,0.386740331,0.348756103,829.3474955,1202.645357,0,0,0.048615428,0.091308984,0.112137832,0.210507019,0.190719813,0.150669866,0,0.188323917,0.282885431,0.248756219,0.352733686,0.276243094,0.232504069,1215.789615,3,12.6,0,0,0.21,0.1,0.08,0.07,0.05,0.03,0.02,0.097,0.094,0.095,0.095,0.096,0.096,0.096,0.098
218,13,no,42,54.444,2,0.95,0.95,0.9625,0.025,6.666666667,58,5,6.125,1020.833333,76.38888889,0.012152778,0.214285714,0.142857143,0.071428571,0,0,0,1.595238095,0,1.285714286,0.30952381,1.595238095,1806.0979,1.1793826,-1.940307617,1.006761417,0.979343321,1079.846667,0,0.376647834,0.565770863,0.621890547,0.529100529,0.552486188,0.302255289,559.3819215,3398.903915,0,0,0,0,0,0,0,0.013208218,0,0,0,0,0,0,0.046500814,3408.195129,0,0,0,100,62.72,51.15,48.71,47.92,44.41,39.97,33.35,0.14,0.131,0.128,0.127,0.126,0.125,0.123,0.12
219,3,no,38,8.372,1,0.5,0.7,0.5375,-0.175,12.33333333,43,15,9.75,305.5555556,395.8333333,0.097222222,0.105263158,0.105263158,0,5,5,0,0.736842105,0.078947368,0,0.736842105,0.815789474,1784.7229,3.6689222,2.978881836,0.973070795,0.972658882,1515.379117,0,0,0,0.124378109,0.176366843,0.331491713,0.37200651,605.790456,4956.483403,0,0,0,0,0,0,0,0,0,0,0,0,0,0,0,4947.159639,0,2.3,0,0,1.84,3.75,4.35,4.88,6.31,8.62,15.7,0.118,0.11,0.111,0.112,0.112,0.112,0.112,0.114
222,66,yes,40,0,1,0.075,0.15,0.1875,-0.125,75.33333333,35,15,3.125,6.944444444,395.8333333,0.1875,0.15,0.15,0,145.175,145.175,0,2.15,0,0.55,1.575,2.15,1790.5731,1.6594836,3.443481445,1.006097167,0.531752997,756.1791177,0.393700787,0.376647834,0.282885431,0.248756219,0.352733686,0.331491713,0.255754476,1911.210202,5536.746297,0,0,0,0,0,0,0,0,0,0,0,0,0,0,0,5520.126092,1,1,0,0,0,0,0,0.01,0.01,0.02,1.28,0.104,0.107,0.107,0.106,0.107,0.107,0.106,0.107
223,22,no,36,12.012,1,0.475,0.7,0.475,-0.35,87,50,20,10.875,375,1534.722222,0.098958333,0,0,0,10.27777778,5.972222222,0,0.027777778,0.083333333,0,0.027777778,0.111111111,1915.6469,1.6679308,-2.557373047,0.9953441,0.970255933,905.1890186,0.393700787,0.941619586,0.707213579,0.621890547,0.529100529,0.497237569,0.325505696,557.3438616,367.3473624,0,1.06304036,0.981773727,1.125217781,1.135860384,1.11126904,0.95416362,0.864521901,0,0,0,0,0,0.055248619,0.069751221,2276.914431,7,18,0,3.03,19.89,21.03,21.14,21.03,22.34,25.62,28.41,0.114,0.114,0.117,0.117,0.117,0.117,0.119,0.121
228,24,yes,33,0,1,0.05,0.1,0.025,-0.05,281.3333333,54,15,2.5,0,0,0.229166667,0.272727273,0.272727273,0,335.1515152,335.1515152,0,0.575757576,0,0,0.575757576,0.575757576,1738.8544,1.2967206,-10.02941895,1.005604281,0.042834824,1130.411336,0,0.188323917,0.282885431,0.373134328,0.264550265,0.165745856,0.162752848,126.7676203,10869.01191,0,0,0,0,0,0,0,0,0,0,0,0,0,0,0,10843.64453,0,0,0,0,0,0,0,0,0,0,0,0.105,0.105,0.105,0.105,0.105,0.105,0.105,0.106
231,68,no,30,40.612,2,0.575,0.4,0.725,0.15,40.33333333,42,10,7.75,569.4444444,0,0.166666667,0.1,0.1,0,0,0,0,0.033333333,0,0.033333333,0,0.033333333,1849.6741,1.882041,2.877929688,1.014625636,0.846786787,1388.095343,0,0,0.282885431,0.248756219,0.352733686,0.44198895,0.395256917,387.3702236,1296.09434,0,0,0.000725699,0.031898936,0.054374611,0.139362359,0.184753591,0.430419334,0,0,0.141442716,0.124378109,0.176366843,0.331491713,0.465008138,1302.689076,1.3,2,0,82.86,55.06,44.58,39.87,38.01,34.56,33.44,27.02,0.118,0.117,0.115,0.115,0.115,0.115,0.115,0.115
233,16,no,33,0.572,1,0.175,0.35,0.4875,-0.225,92,50,20,21.875,180.5555556,548.6111111,0.270833333,0.303030303,0.303030303,0,0,0,0,0.303030303,0,0,0.303030303,0.303030303,1781.4227,0.616557,-2.542724609,1.000942644,0.001618297,1822.941831,0,0,0,0,0.440917108,0.276243094,0.279004883,396.7621654,5614.017542,0,0,0,0,0,0,0,0,0,0,0,0,0,0,0,5634.065721,1,0,0,0,0,0,0,0,0,0,0,0.11,0.109,0.108,0.107,0.107,0.106,0.104,0.103
234,54,no,33,0,1,0.025,0.05,0.1125,-0.225,147.3333333,35,30,3.625,27.77777778,1430.555556,0.277777778,0.121212121,0.121212121,0,55.42424242,55.42424242,0,0.363636364,0,0,0.363636364,0.363636364,1802.8666,4.3338575,-6.457275391,0.989992771,0.842520566,763.3301589,0.393700787,0.188323917,0.141442716,0.124378109,0.176366843,0.331491713,0.279004883,306.3743063,9373.182827,0,0,0,0,0,0,0,0,0,0,0,0,0,0,0,9371.190845,15,43,0,0,0,0,0,0,0,0,0,0.106,0.107,0.107,0.107,0.107,0.107,0.107,0.108
235,38,no,33,0,1,0.1,0.15,0.075,-0.15,32.33333333,30,15,6.875,0,395.8333333,0.295138889,0.121212121,0.121212121,0,236.5454545,236.5454545,0,1.121212121,0,0.03030303,1.090909091,1.121212121,1809.3169,0.31644288,-4.056030273,1.002569047,0.032737344,431.6998294,0.787401575,0.564971751,0.565770863,0.497512438,0.529100529,0.331491713,0.325505696,67.22354906,11235.36764,0,0,0,0,0,0,0,0,0,0,0,0,0,0,0,11163.22177,0,0,0,0,0,0,0,0,0,0,0,0.116,0.112,0.112,0.112,0.112,0.112,0.112,0.11
238,51,no,34,0,1,0.075,0.15,0.075,-0.15,285.3333333,33,20,7.75,0,0,0.345486111,0.911764706,0.911764706,0,76.88235294,76.88235294,0,2.794117647,0,0,2.794117647,2.794117647,1765.8782,1.2416602,-2.693237305,1.006312154,0.300939037,385.4889198,0.393700787,0.188323917,0.282885431,0.248756219,0.176366843,0.220994475,0.279004883,1448.205361,8272.682115,0,0,0,0,0,0,0,0,0,0,0,0,0,0,0,8296.178587,38,41,0,0,0,0,0,0,0,0,0,0.098,0.101,0.1,0.1,0.1,0.1,0.101,0.103
241,29,yes,37,7.488,1,0.025,0.05,0.15,-0.05,83.33333333,57,20,8,55.55555556,27.77777778,0.256944444,0.289473684,0.289473684,0,66.07894737,66.07894737,0,8.756756757,0.378378378,0,8.756756757,9.135135135,1905.7798,0.37064308,0.897094727,1.007404998,0.215227639,768.9255387,1.181102362,0.564971751,0.565770863,0.621890547,0.529100529,0.497237569,0.418507324,243.9088398,759.1710957,0,0.32580852,0.325621711,0.477914187,0.493113627,0.526288747,0.542532451,0.834474945,0,0,0,0,0,0,0.255754476,859.4120999,2,4.3,0,0,8.77,15.78,18.79,19.25,19.97,20.56,18.58,0.11,0.111,0.112,0.113,0.113,0.114,0.116,0.117
244,30,yes,51,0,1,0.1,0.2,0.075,-0.15,240.6666667,42,15,3,13.88888889,69.44444444,0.265625,0.274509804,0.274509804,0,15.80392157,15.80392157,0,1.450980392,0,0,1.450980392,1.450980392,1790.5652,1.788692,-1.460083008,1.016474844,0.955286501,1130.056723,0,0.753295669,0.565770863,0.497512438,0.529100529,0.497237569,0.325505696,88.91926075,10282.37974,0,0,0,0,0,0,0,0,0,0,0,0,0,0,0,10286.89012,75,90,0,0,0,0,0,0,0,0,0,0.101,0.106,0.107,0.106,0.106,0.106,0.105,0.104
248,46,no,40,13.52,1,0.225,0.3,0.45,-0.25,190,36,10,6,34.72222222,472.2222222,0.251736111,0.3,0.3,0,12.25,12.25,0,2.225,0,0,2.225,2.225,1807.071,5.7235465,-4.973388672,1.024461038,0.30907471,905.8698368,0,0.376647834,0.424328147,0.497512438,0.705467372,0.44198895,0.348756103,435.8566281,2916.158189,0,0,0,0,0,0,0,0.03474754,0,0,0,0,0,0,0.046500814,2945.634339,49,57,0,0,0,0,0,0,0.02,0.03,0.01,0.104,0.101,0.102,0.102,0.102,0.102,0.101,0.1
249,18,no,36,0.624,1,0.525,0.55,0.15,-0.15,20.33333333,44,15,10.28571429,34.72222222,0,0.144097222,0,0,0,0.416666667,0.416666667,0,1.166666667,0.027777778,1.083333333,0.083333333,1.194444444,1835.5054,0.98030883,-0.661132813,1.009042635,0.266291291,832.4917012,1.181102362,0.753295669,0.707213579,0.870646766,0.617283951,0.497237569,0.534759358,80.7154969,1123.057871,0,0,0.03433308,0.157775591,0.197544493,0.266494759,0.387734262,0.395212031,0,0.188323917,0.424328147,0.497512438,0.617283951,0.718232044,0.511508951,1130.687716,7,21,0,0,25.02,27.9,29.7,31.08,34.38,35.51,30.17,0.113,0.113,0.112,0.113,0.114,0.116,0.117,0.115
250,35,yes,32,0,1,0.125,0.25,0.1,-0.2,395.3333333,35,15,3.375,6.944444444,125,0.253472222,0,0,0,64.9375,56.125,10.40625,2.3125,0,0,2.3125,2.3125,1821.7584,1.1909871,0.301147461,1.01337633,0.962118113,1116.662844,0,0.188323917,0.424328147,0.621890547,0.440917108,0.331491713,0.37200651,228.1032616,3504.276901,0,0,0,0,0,0,0,0.004549617,0,0,0,0,0,0,0.023250407,3538.608036,83,99,0,0,0,0,0,0,0,0,0.01,0.102,0.101,0.1,0.1,0.1,0.099,0.099,0.099
251,23,yes,32,0,1,0,0,0.1125,-0.075,113.3333333,31,10,2.375,6.944444444,0,0.272569444,0,0,0,424.8125,424.8125,0,7.40625,0,0,7.40625,7.40625,1819.203,6.6243005,-8.434326172,0.965542897,0.088982122,565.4650026,0.787401575,0.376647834,0.565770863,0.497512438,0.352733686,0.497237569,0.325505696,132.1710794,2605.356838,0,0,0,0,0,0,0,0.086479143,0,0,0,0,0,0,0.162752848,2632.80399,0,0,0,0,0,0,0,0,0,0,0.01,0.103,0.099,0.098,0.098,0.098,0.098,0.098,0.098
254,25,no,32,20.02,2,0.6,0.55,0.3875,-0.075,11.66666667,48,15,12.125,125,1763.888889,0.199652778,0.71875,0.09375,0.625,1.78125,1.78125,0,5.46875,0.25,2.28125,3.1875,5.71875,1817.8427,3.1915138,4.135864258,0.991687194,0.084762452,850.3546505,0.787401575,0.564971751,0.707213579,0.621890547,0.440917108,0.276243094,0.255754476,506.4316356,10035.24728,0,0,0,0,0,0,0,0,0,0,0,0,0,0,0,10054.27844,19,46,0,0,0,0,0.01,0.01,0.01,0,0,0.11,0.109,0.108,0.108,0.107,0.107,0.106,0.106
256,52,no,41,1.82,1,0.475,0.5,0.5625,0.025,22,37,20,2.375,222.2222222,41.66666667,0.112847222,0.43902439,0.43902439,0,13.58536585,13.58536585,0,0.097560976,0,0.048780488,0.048780488,0.097560976,1880.8854,1.7799804,0.218505859,1.004764329,0.808287163,796.7892978,0.393700787,0.376647834,0.424328147,0.497512438,0.440917108,0.386740331,0.465008138,279.0824063,245.4179038,0,0.76231941,0.518953441,0.435949581,0.395899008,0.403028909,0.575682246,0.586079349,0.787401575,0.564971751,0.565770863,0.497512438,0.440917108,0.497237569,0.441757731,379.3422616,3,6,0,0,19.29,25.49,25.63,25.4,24.95,21.83,20.42,0.12,0.117,0.118,0.118,0.118,0.117,0.116,0.115
266,64,no,39,21.164,2,0.5,0.55,0.4875,-0.225,18.33333333,39,15,11.25,479.1666667,243.0555556,0.065972222,0.615384615,0.153846154,0.461538462,0,0,0,0.717948718,0,0.717948718,0,0.717948718,1838.9391,0.84758854,2.702514648,1.004726926,0.232021023,621.5768381,1.181102362,0.753295669,0.565770863,0.621890547,0.617283951,0.662983425,0.418507324,82.61946483,342.5812475,0,0.60643159,0.399399262,0.520878745,0.547947247,0.581833011,0.467194885,0.342619302,1.181102362,0.753295669,0.99009901,0.995024876,0.881834215,0.662983425,0.441757731,363.9305611,3.3,7,1,38.89,54.32,54.53,53.15,51.69,47.35,41.37,31.52,0.124,0.124,0.123,0.123,0.123,0.121,0.119,0.116
